<?xml version="1.0" encoding="UTF-8"?>
<con:config xmlns:con="http://www.sourceid.org/2004/05/config">
    <con:map name="SsoDirectoryService">
        <con:item name="confirmSharedSecret">EC4083CA341DA86269204F1FDEBBA909F0F5699E</con:item>
        <con:item name="sharedSecret">EC4083CA341DA86269204F1FDEBBA909F0F5699E</con:item>
        <con:item name="isActive">true</con:item>
        <con:item name="id">heuristics</con:item>
    </con:map>
    <con:map name="JMX"/>
    <con:map name="ConnectionManagement"/>
    <con:map name="AttributeQuery"/>
</con:config>

