<?xml version="1.0" encoding="UTF-8"?>
<config xmlns="http://www.sourceid.org/2004/05/config">
    <!-- DSIG Keystore information: name and password -->
    <item name="DsigKeystoreName">ping-dsig.jks</item>
    <item name="DsigKeystorePassword">1fzHIOQ2xKZUCxw6vLN4XHJB3n9paqfAQn55QkD3xhU=</item>
    <item name="DsigKeystoreType">jks</item>
    <!-- Map of Dsig keystore aliases to passwords; the system uses this map
     to open private keys for generating signatures, X509
     authentication, etc. For each item, the name of the item maps
     to the alias of a private key and the value of the item is the
     password to that particular key -->
    <map name="DsigPrivateKeyPasswords">
        <item name="21">4yMNcNfs5JnNTUSaJXV3bQ==</item>
        <item name="20">zGEx39lLwd3twO1yzsc+Vw==</item>
        <item name="19">bG2hWEndV9H5bcnJH5ukbg==</item>
        <item name="16">Hv5Glg86lSLDrMO4rociZA==</item>
    </map>
    <!-- SSL Keystore information: name and password -->
    <item name="SslKeystoreName">ping-ssl.jks</item>
    <item name="SslKeystorePassword">9oIOkbbb5MOYnoUvJpAGxRGP7cWOsLTT</item>
    <item name="SslKeystoreType">jks</item>
    <!-- Map of SSL client auth keystore aliases to passwords; the system uses this map
     to open private keys for generating signatures, X509
     authentication, etc. For each item, the name of the item maps
     to the alias of a private key and the value of the item is the
     password to that particular key -->
    <map name="SslPrivateKeyPasswords"/>
    <!-- SSL Server Keystore information: name and password -->
    <item name="SslServerKeystoreName">ping-ssl-server.jks</item>
    <item name="SslServerKeystorePassword">vYusUUluaGnzB8Z+VFu2d7YX1tGYP+9P</item>
    <item name="SslServerKeystoreType">jks</item>
    <!-- Map of SSL Server keystore aliases to passwords; the system uses this map
         to open private keys for generating signatures, X509
         authentication, etc. For each item, the name of the item maps
         to the alias of a private key and the value of the item is the
         password to that particular key -->
    <map name="SslServerPrivateKeyPasswords">
        <item name="default">Z7R+Rl2eHWVc/gnaYwR9m6/+EfauhX0MlJ+BHO/JFKlLPAuiXfE4lg==</item>
    </map>
    <!-- SSL Truststore Keystore information: name and password -->
    <item name="TrustKeystoreName">ping-trust.jks</item>
    <item name="TrustKeystorePassword">yUDVMCGo2ru4Yj/CzRy52D4xXEsWJdQH</item>
    <item name="TrustKeystoreType">jks</item>
</config>
