<?xml version="1.0" encoding="UTF-8"?>
<!-- The namespace urn:sourceid.org:saml2:metadata-extension changed to urn:sourceid.org:saml2:metadata-extension:v2
	 for versions greater than PingFederate 3.0 -->
<EntitiesDescriptor xmlns="urn:oasis:names:tc:SAML:2.0:metadata" xmlns:xd="http://www.w3.org/2000/09/xmldsig#" xmlns:mdx="urn:sourceid.org:saml2:metadata-extension:v2">
    <EntityDescriptor ID="iIsFjLr8PxZhoE1h8zFEG4Rre3P" entityID="PF-DEMO" mdx:name="Demo SP" mdx:baseUrl="https://localhost:9031" mdx:LogLevel="NONE" mdx:isActive="true">
        <Extensions>
            <mdx:EntityExtension>
                <mdx:DigitialSignatureAliases VerificationCertAlias="22" includeX509inXmlSig="false" SigningKeyAlias="20"/>
                <mdx:Encryption>
                    <mdx:EncryptionPolicy SLOEncryptSubjectNameID="false" EncryptSubjectNameID="false" EncryptAssertion="false" KeyTransportAlgorithm="http://www.w3.org/2001/04/xmlenc#rsa-1_5" EncryptionAlgorithm="http://www.w3.org/2001/04/xmlenc#aes128-cbc"/>
                    <mdx:DecryptionPolicy SLOSubjectNameIDEncrypted="false" AttributeEncrypted="false" SubjectNameIDEncrypted="false" AssertionEncrypted="false"/>
                </mdx:Encryption>
            </mdx:EntityExtension>
        </Extensions>
        <SPSSODescriptor WantAssertionsSigned="false" AuthnRequestsSigned="false" protocolSupportEnumeration="urn:oasis:names:tc:SAML:2.0:protocol">
            <Extensions>
                <mdx:RoleExtension LastModified="2011-06-29T09:17:28.955-06:00" ArtifactTimeoutSeconds="10">
                    <mdx:IncomingBindings SOAP="true" Redirect="true" POST="true" Artifact="true"/>
                    <mdx:EnabledProfiles SPInitiatedSLO="true" SPInitiatedSSO="true" IDPInitiatedSLO="true" IDPInitiatedSSO="true"/>
                    <mdx:SP AssertionValidityBeforeMinutes="2" AssertionValidityAfterMinutes="5">
                        <mdx:AdapterToAssertionMapping AdapterInstanceId="idpadapter" AbortIfNotFoundInAnyDataSources="false">
                            <mdx:DefaultAttributeMapping>
                                <mdx:AttributeMap Value="username" Type="Adapter" Name="SAML_SUBJECT"/>
                                <mdx:AttributeMap Value="email" Type="Adapter" Name="Email Address"/>
                                <mdx:AttributeMap Value="Silver" Type="Text" Name="Member Status"/>
                                <mdx:AttributeMap Value="lname" Type="Adapter" Name="Last Name"/>
                                <mdx:AttributeMap Value="fname" Type="Adapter" Name="First Name"/>
                            </mdx:DefaultAttributeMapping>
                        </mdx:AdapterToAssertionMapping>
                        <mdx:NameIdentifierMappingType IncludeAdditionalTransientAttributes="false" IncludeAdditionalAttributes="false"/>
                    </mdx:SP>
                </mdx:RoleExtension>
            </Extensions>
            <ArtifactResolutionService Binding="urn:oasis:names:tc:SAML:2.0:bindings:SOAP" Location="/sp/ARS.ssaml2" index="0"/>
            <SingleLogoutService Location="/sp/SLO.saml2" Binding="urn:oasis:names:tc:SAML:2.0:bindings:HTTP-Redirect"/>
            <SingleLogoutService Location="/sp/SLO.saml2" Binding="urn:oasis:names:tc:SAML:2.0:bindings:HTTP-POST"/>
            <SingleLogoutService Location="/sp/SLO.saml2" Binding="urn:oasis:names:tc:SAML:2.0:bindings:HTTP-Artifact"/>
            <SingleLogoutService Location="/sp/SLO.ssaml2" Binding="urn:oasis:names:tc:SAML:2.0:bindings:SOAP"/>
            <NameIDFormat>urn:oasis:names:tc:SAML:1.1:nameid-format:unspecified</NameIDFormat>
            <AssertionConsumerService isDefault="true" Binding="urn:oasis:names:tc:SAML:2.0:bindings:HTTP-POST" Location="/sp/ACS.saml2" index="0"/>
            <AssertionConsumerService Binding="urn:oasis:names:tc:SAML:2.0:bindings:HTTP-Artifact" Location="/sp/ACS.saml2" index="1"/>
            <AttributeConsumingService index="0">
                <ServiceName xml:lang="en">AttributeContract</ServiceName>
                <RequestedAttribute NameFormat="urn:oasis:names:tc:SAML:2.0:attrname-format:basic" Name="Email Address"/>
                <RequestedAttribute NameFormat="urn:oasis:names:tc:SAML:2.0:attrname-format:basic" Name="Member Status"/>
                <RequestedAttribute NameFormat="urn:oasis:names:tc:SAML:2.0:attrname-format:basic" Name="Last Name"/>
                <RequestedAttribute NameFormat="urn:oasis:names:tc:SAML:2.0:attrname-format:basic" Name="First Name"/>
            </AttributeConsumingService>
        </SPSSODescriptor>
        <ContactPerson contactType="administrative">
            <Company>Ping Identity</Company>
        </ContactPerson>
    </EntityDescriptor>
    <EntityDescriptor ID="OXR4DLVzOLb.OCSEw0Sz6iFw0KN" entityID="pingfederate:dynamic:sp:conn:id" mdx:name="pingfederate:dynamic:sp:conn:id" mdx:LogLevel="STANDARD" mdx:isActive="true">
        <Extensions>
            <mdx:EntityExtension>
                <mdx:DigitialSignatureAliases includeX509inXmlSig="false" SigningKeyAlias="21"/>
                <mdx:Encryption>
                    <mdx:EncryptionPolicy SLOEncryptSubjectNameID="false" EncryptSubjectNameID="false" EncryptAssertion="false" KeyTransportAlgorithm="http://www.w3.org/2001/04/xmlenc#rsa-1_5" EncryptionAlgorithm="http://www.w3.org/2001/04/xmlenc#aes128-cbc"/>
                    <mdx:DecryptionPolicy SLOSubjectNameIDEncrypted="false" AttributeEncrypted="false" SubjectNameIDEncrypted="false" AssertionEncrypted="false"/>
                </mdx:Encryption>
            </mdx:EntityExtension>
        </Extensions>
        <SPSSODescriptor WantAssertionsSigned="false" AuthnRequestsSigned="true" protocolSupportEnumeration="urn:oasis:names:tc:SAML:2.0:protocol">
            <Extensions>
                <mdx:RoleExtension LastModified="2011-06-29T09:17:28.967-06:00" ArtifactTimeoutSeconds="60">
                    <mdx:IncomingBindings SOAP="false" Redirect="true" POST="true" Artifact="false"/>
                    <mdx:EnabledProfiles SPInitiatedSLO="true" SPInitiatedSSO="true" IDPInitiatedSLO="true" IDPInitiatedSSO="false"/>
                    <mdx:SP AssertionValidityBeforeMinutes="5" AssertionValidityAfterMinutes="5">
                        <mdx:AdapterToAssertionMapping AdapterInstanceId="idpadapter" AbortIfNotFoundInAnyDataSources="false">
                            <mdx:DefaultAttributeMapping>
                                <mdx:AttributeMap Value="username" Type="Adapter" Name="SAML_SUBJECT"/>
                                <mdx:AttributeMap Value="email" Type="Adapter" Name="Email Address"/>
                                <mdx:AttributeMap Value="Silver" Type="Text" Name="Member Status"/>
                                <mdx:AttributeMap Value="lname" Type="Adapter" Name="Last Name"/>
                                <mdx:AttributeMap Value="fname" Type="Adapter" Name="First Name"/>
                            </mdx:DefaultAttributeMapping>
                        </mdx:AdapterToAssertionMapping>
                        <mdx:NameIdentifierMappingType IncludeAdditionalTransientAttributes="false" IncludeAdditionalAttributes="false"/>
                    </mdx:SP>
                </mdx:RoleExtension>
            </Extensions>
            <NameIDFormat>urn:oasis:names:tc:SAML:1.1:nameid-format:unspecified</NameIDFormat>
            <AssertionConsumerService Binding="POST" Location="http://dummy.endpoint.for.dynafed.com" index="0"/>
            <AttributeConsumingService index="0">
                <ServiceName xml:lang="en">AttributeContract</ServiceName>
                <RequestedAttribute NameFormat="urn:oasis:names:tc:SAML:2.0:attrname-format:basic" Name="Email Address"/>
                <RequestedAttribute NameFormat="urn:oasis:names:tc:SAML:2.0:attrname-format:basic" Name="Member Status"/>
                <RequestedAttribute NameFormat="urn:oasis:names:tc:SAML:2.0:attrname-format:basic" Name="Last Name"/>
                <RequestedAttribute NameFormat="urn:oasis:names:tc:SAML:2.0:attrname-format:basic" Name="First Name"/>
            </AttributeConsumingService>
        </SPSSODescriptor>
    </EntityDescriptor>
    <EntityDescriptor ID="LewSMjnNHSiWqqG1-1tmBH6jtQP" entityID="PF-DEMO" mdx:name="Demo IdP" mdx:baseUrl="https://localhost:9031" mdx:LogLevel="NONE" mdx:isActive="true">
        <Extensions>
            <mdx:EntityExtension>
                <mdx:DigitialSignatureAliases VerificationCertAlias="23" includeX509inXmlSig="false" SigningKeyAlias="20"/>
                <mdx:Encryption>
                    <mdx:EncryptionPolicy SLOEncryptSubjectNameID="false" EncryptSubjectNameID="false" EncryptAssertion="false" KeyTransportAlgorithm="http://www.w3.org/2001/04/xmlenc#rsa-1_5" EncryptionAlgorithm="http://www.w3.org/2001/04/xmlenc#aes128-cbc"/>
                    <mdx:DecryptionPolicy SLOSubjectNameIDEncrypted="false" AttributeEncrypted="false" SubjectNameIDEncrypted="false" AssertionEncrypted="false"/>
                </mdx:Encryption>
            </mdx:EntityExtension>
        </Extensions>
        <IDPSSODescriptor WantAuthnRequestsSigned="true" protocolSupportEnumeration="urn:oasis:names:tc:SAML:2.0:protocol">
            <Extensions>
                <mdx:RoleExtension LastModified="2011-06-29T09:17:36.576-06:00" ArtifactTimeoutSeconds="10">
                    <mdx:IncomingBindings SOAP="true" Redirect="true" POST="true" Artifact="true"/>
                    <mdx:EnabledProfiles SPInitiatedSLO="true" SPInitiatedSSO="true" IDPInitiatedSLO="true" IDPInitiatedSSO="true"/>
                    <mdx:IDP AssertionsSigned="false">
                        <mdx:TargetAttributeMapping AdapterInstanceId="spadapter">
                            <mdx:AttributeMap Value="Member Status" Type="Assertion" Name="member status"/>
                            <mdx:AttributeMap Value="SAML_SUBJECT" Type="Assertion" Name="subject"/>
                            <mdx:AttributeMap Value="Email Address" Type="Assertion" Name="email address"/>
                            <mdx:AttributeMap Value="${First Name} ${Last Name}" Type="Text" Name="name"/>
                            <mdx:AttributeMap Value="SAML_SUBJECT" Type="Assertion" Name="userid"/>
                        </mdx:TargetAttributeMapping>
                        <mdx:AccountLinkingAndMapping IncludeAdditionalAttributes="false" Type="mapping"/>
                        <mdx:ErrPageMsg/>
                    </mdx:IDP>
                </mdx:RoleExtension>
            </Extensions>
            <ArtifactResolutionService Binding="urn:oasis:names:tc:SAML:2.0:bindings:SOAP" Location="/idp/ARS.ssaml2" index="0"/>
            <SingleLogoutService Location="/idp/SLO.saml2" Binding="urn:oasis:names:tc:SAML:2.0:bindings:HTTP-Redirect"/>
            <SingleLogoutService Location="/idp/SLO.saml2" Binding="urn:oasis:names:tc:SAML:2.0:bindings:HTTP-POST"/>
            <SingleLogoutService Location="/idp/SLO.saml2" Binding="urn:oasis:names:tc:SAML:2.0:bindings:HTTP-Artifact"/>
            <SingleLogoutService Location="/idp/SLO.ssaml2" Binding="urn:oasis:names:tc:SAML:2.0:bindings:SOAP"/>
            <SingleSignOnService Location="/idp/SSO.saml2" Binding="urn:oasis:names:tc:SAML:2.0:bindings:HTTP-POST"/>
            <SingleSignOnService Location="/idp/SSO.saml2" Binding="urn:oasis:names:tc:SAML:2.0:bindings:HTTP-Artifact"/>
            <SingleSignOnService Location="/idp/SSO.saml2" Binding="urn:oasis:names:tc:SAML:2.0:bindings:HTTP-Redirect"/>
            <saml:Attribute NameFormat="urn:oasis:names:tc:SAML:2.0:attrname-format:basic" Name="Email Address" xmlns:saml="urn:oasis:names:tc:SAML:2.0:assertion"/>
            <saml:Attribute NameFormat="urn:oasis:names:tc:SAML:2.0:attrname-format:basic" Name="Member Status" xmlns:saml="urn:oasis:names:tc:SAML:2.0:assertion"/>
            <saml:Attribute NameFormat="urn:oasis:names:tc:SAML:2.0:attrname-format:basic" Name="Last Name" xmlns:saml="urn:oasis:names:tc:SAML:2.0:assertion"/>
            <saml:Attribute NameFormat="urn:oasis:names:tc:SAML:2.0:attrname-format:basic" Name="First Name" xmlns:saml="urn:oasis:names:tc:SAML:2.0:assertion"/>
        </IDPSSODescriptor>
        <ContactPerson contactType="administrative">
            <GivenName>Ping</GivenName>
            <SurName>Identity</SurName>
        </ContactPerson>
    </EntityDescriptor>
    <EntityDescriptor ID="acglfDRWrk8HaJBxxUADxfIbWLd" entityID="pingfederate:dynamic:idp:conn:id" mdx:name="pingfederate:dynamic:idp:conn:id" mdx:LogLevel="STANDARD" mdx:isActive="true">
        <Extensions>
            <mdx:EntityExtension>
                <mdx:DigitialSignatureAliases includeX509inXmlSig="false" SigningKeyAlias="21"/>
                <mdx:Encryption>
                    <mdx:EncryptionPolicy SLOEncryptSubjectNameID="false" EncryptSubjectNameID="false" EncryptAssertion="false" KeyTransportAlgorithm="http://www.w3.org/2001/04/xmlenc#rsa-1_5" EncryptionAlgorithm="http://www.w3.org/2001/04/xmlenc#aes128-cbc"/>
                    <mdx:DecryptionPolicy SLOSubjectNameIDEncrypted="false" AttributeEncrypted="false" SubjectNameIDEncrypted="false" AssertionEncrypted="false"/>
                </mdx:Encryption>
            </mdx:EntityExtension>
        </Extensions>
        <IDPSSODescriptor WantAuthnRequestsSigned="false" protocolSupportEnumeration="urn:oasis:names:tc:SAML:2.0:protocol">
            <Extensions>
                <mdx:RoleExtension LastModified="2011-06-29T09:17:36.598-06:00" ArtifactTimeoutSeconds="60">
                    <mdx:IncomingBindings SOAP="false" Redirect="true" POST="true" Artifact="false"/>
                    <mdx:EnabledProfiles SPInitiatedSLO="true" SPInitiatedSSO="true" IDPInitiatedSLO="true" IDPInitiatedSSO="false"/>
                    <mdx:IDP AssertionsSigned="false">
                        <mdx:TargetAttributeMapping AdapterInstanceId="spadapter">
                            <mdx:AttributeMap Value="Member Status" Type="Assertion" Name="member status"/>
                            <mdx:AttributeMap Value="SAML_SUBJECT" Type="Assertion" Name="subject"/>
                            <mdx:AttributeMap Value="Email Address" Type="Assertion" Name="email address"/>
                            <mdx:AttributeMap Value="${First Name} ${Last Name}" Type="Text" Name="name"/>
                            <mdx:AttributeMap Value="SAML_SUBJECT" Type="Assertion" Name="userid"/>
                        </mdx:TargetAttributeMapping>
                        <mdx:AccountLinkingAndMapping IncludeAdditionalAttributes="false" Type="mapping"/>
                    </mdx:IDP>
                </mdx:RoleExtension>
            </Extensions>
            <SingleSignOnService Location="NONE" Binding="NONE-SCHEMA-WORKAROUND"/>
            <saml:Attribute NameFormat="urn:oasis:names:tc:SAML:2.0:attrname-format:basic" Name="Email Address" xmlns:saml="urn:oasis:names:tc:SAML:2.0:assertion"/>
            <saml:Attribute NameFormat="urn:oasis:names:tc:SAML:2.0:attrname-format:basic" Name="Member Status" xmlns:saml="urn:oasis:names:tc:SAML:2.0:assertion"/>
            <saml:Attribute NameFormat="urn:oasis:names:tc:SAML:2.0:attrname-format:basic" Name="Last Name" xmlns:saml="urn:oasis:names:tc:SAML:2.0:assertion"/>
            <saml:Attribute NameFormat="urn:oasis:names:tc:SAML:2.0:attrname-format:basic" Name="First Name" xmlns:saml="urn:oasis:names:tc:SAML:2.0:assertion"/>
        </IDPSSODescriptor>
    </EntityDescriptor>
</EntitiesDescriptor>
