<?xml version="1.0" encoding="UTF-8"?>
<SoapAuth xmlns="http://www.sourceid.org/2004/04/soapauth">
    <Incoming>
        <None disableCertChainValidation="false" ssl="true" providerID="(SP) ::: PF-DEMO"/>
        <None disableCertChainValidation="false" ssl="true" providerID="(IDP) ::: PF-DEMO"/>
    </Incoming>
    <Outgoing>
        <None disableCertChainValidation="false" ssl="false" providerID="(SP) ::: PF-DEMO"/>
        <None disableCertChainValidation="false" ssl="false" providerID="(IDP) ::: PF-DEMO"/>
    </Outgoing>
</SoapAuth>
