<?xml version="1.0" encoding="UTF-8"?>
<EntityDescriptor cacheDuration="PT1440M" entityID="PF-DEMO" xmlns="urn:oasis:names:tc:SAML:2.0:metadata" xmlns:sid="urn:sourceid.org:saml2:local-metadata-extension:v2">
    <!-- This block contains Ping's proprietary endpoints -->
    <Extensions>
        <sid:SourceIDExtension MetadataSigningKeyAlias="21" EnableSpDynaFed="true" EnableIdpDynaFed="true" EnableX509Discovery="false" DynaFedID="https://localhost" EnableIdpDiscovery="false" EnableSaml10Ap="false" EnableSaml10Rp="false" EnableSaml11Ap="false" EnableSaml11Rp="false" EnableSaml20Sp="true" EnableSaml20IdP="true" EnableWsFedSp="false" EnableWsFedIdP="false" Saml1xSrcId="" WsFedID="" Saml1xId="" BaseURL="https://localhost:9031">
            <sid:LocalPathsDescriptor Suffix=".ping" ResumePathPrefix="/resume">
                <sid:IDPLocalPaths>
                    <!-- This endpoint is used by an IdP application to ask
                      this local PingFederate server to initiate a Single
                      Sign On. It may have following query string parameters
                      1) PartnerSpId (required): the entity id of the
                         intended service provider.
                      2) TargetResource (optional): a URL of the target
                         resource
                 -->
                    <sid:InitiateSingleSignOn>/idp/startSSO</sid:InitiateSingleSignOn>
                    <!-- This endpoint is used by an IdP application to ask
                      this local PingFederate server to initiate a Single
                      Logout for the user session.
                 -->
                    <sid:InitiateSingleLogOut>/idp/startSLO</sid:InitiateSingleLogOut>
                </sid:IDPLocalPaths>
                <sid:SPLocalPaths>
                    <!-- This endpoint is used by a SP application to ask
                      this local PingFederate server to initiate a Single
                      Sign On. It may have following query string parameter:
                      1. PartnerIdpId (required): the entity id of the
                         intended identity provider.
                      2. SpSessionAuthnAdapterId (optional)
                      3. ForceAuthn (optional)
                      4. IsPassive (optional)
                 -->
                    <sid:InitiateSingleSignOn>/sp/startSSO</sid:InitiateSingleSignOn>
                    <!-- Initiate SSO with IdP Discovery enabled -->
                    <sid:InitiateCDCSingleSignOn>/sp/cdcstartSSO</sid:InitiateCDCSingleSignOn>
                    <!-- This endpoint is used by a SP application to ask
                      this local PingFederate server to initiate a Single
                      Logout for the user SSO session.
                 -->
                    <sid:InitiateSingleLogOut>/sp/startSLO</sid:InitiateSingleLogOut>
                    <!-- This endpoint is used by an SP application to ask
                      this PF server to defederate a account link(s).
                 -->
                    <sid:TerminateAccountLinks>/sp/defederate</sid:TerminateAccountLinks>
                    <!-- This endpoint is used by a SP application to ask
                      this local PingFederate server to initiate an Attribute
                      Query. It may have following query string parameter:
                      1. PartnerIdpId (required): the entity id of the
                         intended identity provider.
                      2. SubjectDN: it passes the subject DN of the user certificate to PF. It should be URL encoded.
                      3. IssuerDN (optional): it passes the issuer DN of the user certificate to PF. It should be URL encoded.
                      4. AppId: application id
                      5. SharedSecret: a shared secret to be used to authenticate the application
                      6. RequestedAttrName: a requested attribute name. You may have more than one parameter of this type.
                 -->
                    <sid:InitiateAttributeQuery>/sp/startAttributeQuery</sid:InitiateAttributeQuery>
                </sid:SPLocalPaths>
            </sid:LocalPathsDescriptor>
            <sid:ApplicationURLs>
                <sid:URLGroup successURL="https://localhost:9031/quickstart-app-idp/go" name="idp.after.slo"/>
                <sid:URLGroup successURL="https://localhost:9031/quickstart-app-sp/go" name="sp.after.slo"/>
                <sid:URLGroup successURL="https://localhost:9031/quickstart-app-sp/go" name="sp.after.sso"/>
            </sid:ApplicationURLs>
            <sid:IdpDiscovery ReadCookiePath="/readcookie.cdc" WriteCookiePath="/writecookie.cdc" SPCommonDomainClient="false" IdPCommonDomainClient="false" CommonDomainServer="false">
                <sid:CommonDomainClient CommonDomainServiceBaseUrl=""/>
                <sid:CommonDomainService CookieLifeDays="365" CommonDomain=""/>
            </sid:IdpDiscovery>
            <sid:ErrPageMsg>Please contact your system administrator for assistance regarding this error.</sid:ErrPageMsg>
        </sid:SourceIDExtension>
    </Extensions>
    <!--No longer used but needed for xml schema validation -->
    <SPSSODescriptor protocolSupportEnumeration="urn:oasis:names:tc:SAML:2.0:protocol">
        <AssertionConsumerService Location="nope" index="0" Binding="nope"/>
    </SPSSODescriptor>
    <ContactPerson contactType="administrative"/>
</EntityDescriptor>
