<?xml version="1.0" encoding="UTF-8"?>
<urn:AdapterConfiguration authnCtxClassRef="" name="IdP Adapter" xmlns:urn="urn:sourceid.org:saml2:adapter:conf">
    <urn:Fields>
        <urn:Field name="Authentication Endpoint">https://localhost:9031/quickstart-app-idp/go?action=login</urn:Field>
        <urn:Field name="User Name">changeme</urn:Field>
        <urn:Field name="Pass Phrase">SFr8Ee+AOAOTP6dzXJmcUSvvl8kvLQc2fiLOk0cBctHR6K/vfa9rbsqVIvL2pNfay7YGZI64C6Fkawdkrs3NWw==</urn:Field>
        <urn:Field name="Allowed Subject DN"/>
        <urn:Field name="Allowed Issuer DN"/>
        <urn:Field name="Logout Service Endpoint">https://localhost:9031/quickstart-app-idp/go;jsessionid=${sessionId}?action=logout</urn:Field>
        <urn:Field name="Reference Duration">3</urn:Field>
        <urn:Field name="Reference Length">30</urn:Field>
        <urn:Field name="Require SSL/TLS">true</urn:Field>
        <urn:Field name="Outgoing Attribute Format">JSON</urn:Field>
        <urn:Field name="Incoming Attribute Format">JSON</urn:Field>
        <urn:Field name="Logout Mode">BACK</urn:Field>
        <urn:Field name="Skip Host Name Validation ">false</urn:Field>
    </urn:Fields>
    <urn:AdvancedFields>
        <urn:Field name="Reference Duration">3</urn:Field>
        <urn:Field name="Reference Length">30</urn:Field>
        <urn:Field name="Require SSL/TLS">true</urn:Field>
        <urn:Field name="Outgoing Attribute Format">JSON</urn:Field>
        <urn:Field name="Incoming Attribute Format">JSON</urn:Field>
        <urn:Field name="Logout Mode">BACK</urn:Field>
        <urn:Field name="Skip Host Name Validation ">false</urn:Field>
    </urn:AdvancedFields>
    <urn:Tables/>
    <urn:ExtendedContractAttributes>
        <urn:AttributeName>username</urn:AttributeName>
        <urn:AttributeName>lname</urn:AttributeName>
        <urn:AttributeName>sessionId</urn:AttributeName>
        <urn:AttributeName>email</urn:AttributeName>
        <urn:AttributeName>salary</urn:AttributeName>
        <urn:AttributeName>fname</urn:AttributeName>
    </urn:ExtendedContractAttributes>
    <urn:UniqueKeyField>username</urn:UniqueKeyField>
</urn:AdapterConfiguration>
