<?xml version="1.0" encoding="UTF-8"?>
<urn:AdapterConfiguration name="SP Adapter" xmlns:urn="urn:sourceid.org:saml2:adapter:conf">
    <urn:Fields>
        <urn:Field name="User Name">changeme</urn:Field>
        <urn:Field name="Pass Phrase">gjjB/7PALiWduddEkNA1AWZufJb4Vu3i95sRiBo3dDP6tntuzFRsLOpjx47Hwklr</urn:Field>
        <urn:Field name="Allowed Subject DN"/>
        <urn:Field name="Allowed Issuer DN"/>
        <urn:Field name="Logout Service Endpoint">https://localhost:9031/quickstart-app-sp/go?action=logout</urn:Field>
        <urn:Field name="Account Linking Authentication Endpoint">https://localhost:9031/quickstart-app-sp/go?action=login</urn:Field>
        <urn:Field name="Reference Duration">3</urn:Field>
        <urn:Field name="Reference Length">30</urn:Field>
        <urn:Field name="Require SSL/TLS">true</urn:Field>
        <urn:Field name="Outgoing Attribute Format">JSON</urn:Field>
        <urn:Field name="Incoming Attribute Format">JSON</urn:Field>
        <urn:Field name="Logout Mode">BACK</urn:Field>
        <urn:Field name="Skip Host Name Validation ">false</urn:Field>
    </urn:Fields>
    <urn:AdvancedFields>
        <urn:Field name="Reference Duration">3</urn:Field>
        <urn:Field name="Reference Length">30</urn:Field>
        <urn:Field name="Require SSL/TLS">true</urn:Field>
        <urn:Field name="Outgoing Attribute Format">JSON</urn:Field>
        <urn:Field name="Incoming Attribute Format">JSON</urn:Field>
        <urn:Field name="Logout Mode">BACK</urn:Field>
        <urn:Field name="Skip Host Name Validation ">false</urn:Field>
    </urn:AdvancedFields>
    <urn:Tables/>
    <urn:ExtendedContractAttributes>
        <urn:AttributeName>member status</urn:AttributeName>
        <urn:AttributeName>email address</urn:AttributeName>
        <urn:AttributeName>name</urn:AttributeName>
        <urn:AttributeName>userid</urn:AttributeName>
    </urn:ExtendedContractAttributes>
</urn:AdapterConfiguration>

